{
    "name": "root",
    "metadata": {
        "timer_format_version": "0.1.0",
        "start_time_seconds": "1629888787",
        "python_version": "3.8.10 (default, May 19 2021, 13:12:57) [MSC v.1916 64 bit (AMD64)]",
        "command_line_arguments": "D:\\Anaconda\\envs\\ml-try\\Scripts\\mlagents-learn RaceAgent.yaml --run-id ra-13",
        "mlagents_version": "0.21.0",
        "mlagents_envs_version": "0.21.0",
        "communication_protocol_version": "1.2.0",
        "tensorflow_version": "2.3.3",
        "numpy_version": "1.18.5",
        "end_time_seconds": "1629888908"
    },
    "total": 120.9484578,
    "count": 1,
    "self": 0.0052464999999983775,
    "children": {
        "run_training.setup": {
            "total": 0.006913600000000297,
            "count": 1,
            "self": 0.006913600000000297
        },
        "TrainerController.start_learning": {
            "total": 120.9362977,
            "count": 1,
            "self": 0.1631758000002037,
            "children": {
                "TrainerController._reset_env": {
                    "total": 9.594782,
                    "count": 1,
                    "self": 9.594782
                },
                "TrainerController.advance": {
                    "total": 110.47334309999978,
                    "count": 6648,
                    "self": 0.08054010000002165,
                    "children": {
                        "env_step": {
                            "total": 110.39280299999976,
                            "count": 6648,
                            "self": 106.3516932999994,
                            "children": {
                                "SubprocessEnvManager._take_step": {
                                    "total": 3.961265000000232,
                                    "count": 6648,
                                    "self": 0.13863210000019954,
                                    "children": {
                                        "TFPolicy.evaluate": {
                                            "total": 3.8226329000000323,
                                            "count": 6647,
                                            "self": 3.8226329000000323
                                        }
                                    }
                                },
                                "workers": {
                                    "total": 0.07984470000013033,
                                    "count": 6647,
                                    "self": 0.0,
                                    "children": {
                                        "worker_root": {
                                            "total": 111.9826525000001,
                                            "count": 6647,
                                            "is_parallel": true,
                                            "self": 11.060126799999892,
                                            "children": {
                                                "steps_from_proto": {
                                                    "total": 0.00022479999999980294,
                                                    "count": 1,
                                                    "is_parallel": true,
                                                    "self": 6.889999999959429e-05,
                                                    "children": {
                                                        "_process_vector_observation": {
                                                            "total": 0.00015590000000020865,
                                                            "count": 2,
                                                            "is_parallel": true,
                                                            "self": 0.00015590000000020865
                                                        }
                                                    }
                                                },
                                                "UnityEnvironment.step": {
                                                    "total": 100.92230090000021,
                                                    "count": 6647,
                                                    "is_parallel": true,
                                                    "self": 0.4944454000020926,
                                                    "children": {
                                                        "UnityEnvironment._generate_step_input": {
                                                            "total": 0.32429409999901004,
                                                            "count": 6647,
                                                            "is_parallel": true,
                                                            "self": 0.32429409999901004
                                                        },
                                                        "communicator.exchange": {
                                                            "total": 99.02784209999938,
                                                            "count": 6647,
                                                            "is_parallel": true,
                                                            "self": 99.02784209999938
                                                        },
                                                        "steps_from_proto": {
                                                            "total": 1.0757192999997258,
                                                            "count": 6647,
                                                            "is_parallel": true,
                                                            "self": 0.43249439999883776,
                                                            "children": {
                                                                "_process_vector_observation": {
                                                                    "total": 0.6432249000008881,
                                                                    "count": 13294,
                                                                    "is_parallel": true,
                                                                    "self": 0.6432249000008881
                                                                }
                                                            }
                                                        }
                                                    }
                                                }
                                            }
                                        }
                                    }
                                }
                            }
                        }
                    }
                },
                "trainer_threads": {
                    "total": 3.050000000826003e-05,
                    "count": 1,
                    "self": 3.050000000826003e-05,
                    "children": {
                        "thread_root": {
                            "total": 0.0,
                            "count": 0,
                            "is_parallel": true,
                            "self": 0.0,
                            "children": {
                                "trainer_advance": {
                                    "total": 110.42552570000018,
                                    "count": 9329,
                                    "is_parallel": true,
                                    "self": 0.48344619999987515,
                                    "children": {
                                        "process_trajectory": {
                                            "total": 109.9420795000003,
                                            "count": 9329,
                                            "is_parallel": true,