{
    "name": "root",
    "metadata": {
        "timer_format_version": "0.1.0",
        "start_time_seconds": "1629900709",
        "python_version": "3.8.10 (default, May 19 2021, 13:12:57) [MSC v.1916 64 bit (AMD64)]",
        "command_line_arguments": "D:\\Anaconda\\envs\\ml-try\\Scripts\\mlagents-learn RaceAgent.yaml --run-id ra-19",
        "mlagents_version": "0.21.0",
        "mlagents_envs_version": "0.21.0",
        "communication_protocol_version": "1.2.0",
        "tensorflow_version": "2.3.3",
        "numpy_version": "1.18.5",
        "end_time_seconds": "1629900748"
    },
    "total": 39.0332864,
    "count": 1,
    "self": 0.0054066000000077,
    "children": {
        "run_training.setup": {
            "total": 0.1939649000000001,
            "count": 1,
            "self": 0.1939649000000001
        },
        "TrainerController.start_learning": {
            "total": 38.833914899999996,
            "count": 1,
            "self": 0.08472360000012458,
            "children": {
                "TrainerController._reset_env": {
                    "total": 9.188134699999999,
                    "count": 1,
                    "self": 9.188134699999999
                },
                "TrainerController.advance": {
                    "total": 28.84051289999987,
                    "count": 3011,
                    "self": 0.03453299999994641,
                    "children": {
                        "env_step": {
                            "total": 28.805979899999922,
                            "count": 3011,
                            "self": 26.914508899999973,
                            "children": {
                                "SubprocessEnvManager._take_step": {
                                    "total": 1.8532237999999683,
                                    "count": 3011,
                                    "self": 0.06257689999994831,
                                    "children": {
                                        "TFPolicy.evaluate": {
                                            "total": 1.79064690000002,
                                            "count": 3011,
                                            "self": 1.79064690000002
                                        }
                                    }
                                },
                                "workers": {
                                    "total": 0.03824719999998294,
                                    "count": 3010,
                                    "self": 0.0,
                                    "children": {
                                        "worker_root": {
                                            "total": 30.823353100000034,
                                            "count": 3010,
                                            "is_parallel": true,
                                            "self": 6.393766200000066,
                                            "children": {
                                                "steps_from_proto": {
                                                    "total": 0.00022910000000031516,
                                                    "count": 1,
                                                    "is_parallel": true,
                                                    "self": 8.070000000071076e-05,
                                                    "children": {
                                                        "_process_vector_observation": {
                                                            "total": 0.0001483999999996044,
                                                            "count": 2,
                                                            "is_parallel": true,
                                                            "self": 0.0001483999999996044
                                                        }
                                                    }
                                                },
                                                "UnityEnvironment.step": {
                                                    "total": 24.429357799999966,
                                                    "count": 3010,
                                                    "is_parallel": true,
                                                    "self": 0.22139489999982587,
                                                    "children": {
                                                        "UnityEnvironment._generate_step_input": {
                                                            "total": 0.14461190000000634,
                                                            "count": 3010,
                                                            "is_parallel": true,
                                                            "self": 0.14461190000000634
                                                        },
                                                        "communicator.exchange": {
                                                            "total": 23.576045200000134,
                                                            "count": 3010,
                                                            "is_parallel": true,
                                                            "self": 23.576045200000134
                                                        },
                                                        "steps_from_proto": {
                                                            "total": 0.48730580000000323,
                                                            "count": 3010,
                                                            "is_parallel": true,
                                                            "self": 0.19294019999992962,
                                                            "children": {
                                                                "_process_vector_observation": {
                                                                    "total": 0.2943656000000736,
                                                                    "count": 6020,
                                                                    "is_parallel": true,
                                                                    "self": 0.2943656000000736
                                                                }
                                                            }
                                                        }
                                                    }
                                                }
                                            }
                                        }
                                    }
                                }
                            }
                        }
                    }
                },
                "trainer_threads": {
                    "total": 3.6600000001385524e-05,
                    "count": 1,
                    "self": 3.6600000001385524e-05,
                    "children": {
                        "thread_root": {
                            "total": 0.0,
                            "count": 0,
                            "is_parallel": true,
                            "self": 0.0,
                            "children": {
                                "trainer_advance": {
                                    "total": 28.863693899999923,
                                    "count": 2860,
                                    "is_parallel": true,
                                    "self": 0.13101699999979033,
                                    "children": {
                                        "process_trajectory": {
                                            "total": 28.732676900000133,
                                            "count": 2860,
                                            "is_parallel": true,